ACCESSION_DATE,YEAR_INSTALLED,TITLE,ARTIST,MATERIAL,LOCATION,DETAILED_LOCATION,NOTES,POINT_X,POINT_Y
1997.3.2,1997,3 Wild Spaces  two of three,Andrew Dufford,Etched Granite,Goldsmith Gulch 3 locations,On Pathway,,3167752.697,1665535.099
1997.3.3,1997,3 Wild Spaces  three of three,Andrew Dufford,Etched Granite,Goldsmith Gulch 3 locations,On Pathway,,3167791.011,1666948.482
2006.28.1,2006,Forgotten Landscapes,Shannon Kelly,Video Installation,Colorado Convention Center Hotel Hyatt,Exterior facing 15th St,,3142496.623,1696208.897
1913.1.1,1913,The Pied Piper of Hamelin,Dudley Carpenter,Oil Painting on Canvas,Decker Branch Library,,,3145483.088,1676314.657
1913.2.1,1913,King Arthur Recovering the Magic Sword Excalibur,Dudley Carpenter,Oil Painting on Canvas,Decker Branch Library,,,3145471.804,1676318.997
1913.3.1,1913,There is No Frigate Like a Book,Marie Woodson,Oil Painting on Canvas,Decker Branch Library,,,3145495.241,1676314.657
1919.1.1,1919,Dennis Sullivan Gateway Agriculture and Mining,Leo Lentelli,Stone,East High School ,Esplanade and Colfax,,3152705.75,1695169.25
1920.1.1,1920,The Trapper,Allen True,Oil Painting on Canvas,Civic Center Park,Greek Theatre,,3143764.885,1694154.024
1961.3.1,1961,The Bermese Nebula,Vance Kirkland ,"Oil,water, and gold on linen",Temple Buell Theatre Lobby,,On Loan from the Kirkland Museum.,3141183.212,1696442.229
1972.1.1,1972,Valedictorian,Abe Vigil,Painted Wood and Metal Sculpture,Governors Park,,,3145817.747,1690362.036
1975.5.1,1975,Metal Screen Sculpture,Vincent OBrien,"Metal, stained glass, machine parts.",Hampden Branch Library,,,3176109.817,1663912.579
1978.2.1,1978,La Alma Mural,Emanuel Martinez,Mural,La Alma Recreation Center,,,3139344.472,1692606.647
1980.4.1,1980,La Familia Cosmica,Jerry Jaramillo,Mural,La Familia Recreation Center,On Wall in Indoor Pool,,3142251.651,1685889.124
2003.17.1,2003,The Yearling,Donald Lipski,Steel  Fiberglass,Denver Public Library,Childrens Lawn,,3143882.778,1694032.009
1981.1.1,1981,At the Library,Barry Rose,Ceramic Tiles,Denver Public Library,Central Branch Exterior,,3143988.517,1694108.82
1982.1.1,1982,Kenneth Mackenzie MacIntosh,Dane Romberger,Bronze,Wellington E Webb Municipal Building,MacIntosh Plaza,,3143641.371,1695118.335
1988.3.1,1988,"Brown Flowers, the Mestizo People",Carlota Espinoza,Mural,Denver Department of Social Services,,,3133816.856,1693063.283
1989.1.1,1989,Beatrix Potter Characters,Jo Ehr ,Painting,Athmar Branch Library, ,,3136897.215,1679163.189
1993.1.2,1993,Beginning of a Century,Susan Cooper,Oil on Sculpted Wood,City and County Building,,,3143168.535,1694579.662
2003.18.1,2003,World Family,Bob Luna & Martha Keating,Ceramic Murals,Family Crisis Center,Interior,,3133903.352,1692387.675
2003.19.1,2003,Color Wind,George Peters and Melanie Walker,Powder coated Aluminum,Family Crisis Center,Exterior,,3133888.829,1692386.465
2003.20.1,2003,Portal Achway,Stephen Morath,Painted Steel,Family Crisis Center,Exterior,,3133890.039,1692408.251
2003.20.1,2003,Portal Achway,Stephen Morath,Painted Steel,Family Crisis Center,Exterior,,3133888.829,1692431.248
2003.22.1,2003,"Bird House, Light House and Tree House",Sandy Toland,Ceramic and plywood murals,Family Crisis Center,Lobby Area,,3133926.348,1692433.669
2003.25.1,2003,Portrait of William Scheitler,Steve Altman,Acrylic Painting,Scheitler Recreation Center,,,3126081.625,1709795.186
1994.21.1,1994,Art Cronicles,Alex Sweetman,Photography,Denver International Airport,,,3232019.864,1736016.682
1932.2.1,1932,Eagle ,Nicolosi,Bronze,City and County Building,On top of building,Painted in 1949 with 23 karat gold leaf.  Measures 6ft 6in.,3143105.998,1694543.813
2007.1.1,"20072007",Aerial,"John Davis","Metal and Concrete",Denver Skate Park ,Little Raven St and 20th St,,3139790.474,1701942.746
2007.2.1,2007,Life of the Mind,John McEnroe,Plastic,"Green Valley Ranch SchoolGreen Valley Ranch School",4100 Jericho St,,3206267.78,1712126.642
2008.1.1,2008,Villa Park Gateway,Gary Sweeney,Steel and Stone,Villa Park,8th Ave and Grove St,,3133259.328,1690917.91
2008.2.1,2008,Fault Shadows,Patrick Marold,Steel and Glass gate and Rail Element,Gates Tennis Center,3300 East Bayaud Ave,,3155181.163,1685457.178
2008.5.1,2008,Westwood Renaissance,Daniel Salazar,Photo Installation,Westwood Community Center,980 S Lowell St,,3131478.199,1680193.889
2008.6.1,2008,"Untitled",Conor Hollis,Powder Coated Steel,Aquagolf,501 W Florida Ave,,3142315.865,1676596.935
2008.7.1,2008,National Velvet,John McEnroe,"Fiberglass, Resin, Sand and Steel",Highlands Bridge Overpass,,,3138210.492,1701278.166
2008.8.1,2008,Tradition,Joseph Cipri,Bronze,"Stapleton Fire Station","7934 Martin Luther King Blvd",,3169861.703,1702163.82
1953.1.1,1953,Old Courthouse Bell,Carol Candelaria Rothberg and or Fl,,14th and Larimer,West side of the Street,,3140542.628,1697451.72
2003.30.1,2003,Portrait of Hiwatha Davis , Robert Evans,Acrylic Painting,Hiawatha Davis Rec Center,,,3162514.817,1703820.59
2003.31.1,2003,Davis Rec in Motion,Gary Emrich,Video Installation,Hiawatha Davis Rec Center,,,3162544.33,1703806.701
2006.26.1,2006,Antique Gold and Aquamarine Chandelier,Dale Chihuly,Glass,Ellie Caulkins Opera House,Atrium of Opera House,,3141353.176,1696581.308
2005.8.1,2005,Good Fortune is Here to Stay,Yuan Xiao Ceng,Bronze,Denver Zoo,,,3153810.689,1698472.261
1920.5.1,1920,Elk Group and Buffalo,Allen True,Oil Painting on Canvas,Civic Center Park,North Portico,,3143698.733,1694948.978
1995.9.1,1995,Leap of Faith,Patty Ortiz,Painted Steel,Speer Boulevard Access Ramp at Wewatta,,,3139316.493,1698525.465
2001.2.1,2001,Common Ground,Barbara Grygutis,Stone,Commons Park,Little Raven St. and 15th St.,,3138888.518,1700334.591
1997.2.1,1997,Big Wheel,Ed Carpenter,Steel and Concrete,Broadway Viaduct,,,3143843.085,1703031.536
1998.5.1,1998,"Earth, Air, Fire, and Water",Nancy Lovendahl,Stone,Rockmont Park Cuernavaca Park,,,3140288.691,1702328.95
1906.1.1,1906,Sundial,Unknown,Bronze and Marble,City Park,West of the Pavillion,,3153791.953,1697131.668
1991.2.1,1991,A Good Catch,Peter Kola,Oil painting,Denver Police Department,,,3142752.642,1694005.869
1991.3.1,1991,Eagles Choice,Peter Kola,Oil painting,Denver Police Department,,,3142756.542,1694034.463
1991.4.1,1991,Deer Family Grazing,Peter Kola,Oil painting,Denver Police Department,,,3142743.545,1694050.058
1991.6.1,1991,Wayward Winds,Peter Kola,Oil painting,Denver Police Department,,,3142744.845,1694022.766
1993.15.1,1993,Arctic Sojourn,Kenneth Bunn,Bronze,Denver Zoo,,,3154836.701,1698717.166
1993.5.1,1993,Neighborhood Epic,Martha Keating and Bob Luna,Tile Mosiac,20th St. Viaduct,,,3139251.513,1702827.851
1993.13.1,1993,A Life in Harmony with all Creation,"Ken and Judith Williams, and Maria",Ceramic Mosiac,15th Street Underpass,,,3139323.769,1699494.967
1996.6.1,1996,River Glyph ,Andrew Dufford,Sandblasted Concrete/Lithochrome Dye,City of Cuernavaca Park,"Along Park Paths, I-25 and 20th St.",,3139658.934,1702377.383
1993.14.1,1993,Frog,Susan Raymond,Bronze,Denver Zoo,,,3154714.074,1698668.115
2006.27.1,2006,Two Hundred And Twenty Two Point Five Degrees Arc,Bernar Venet,Steel,Commons Park,Little Raven St. and 15th St.,,3139330.184,1700696.4
1997.8.1,1997,Visions Born by This River,Robert Tully,Stone,Gates Crescent Park ,W 23rd Ave. and Water St.,,3135992.085,1698108.354
2003.1.1,2003,East 2 West Source Point,Larry Kirkland,"Carrara Marble, Cast Bronze and Gold Leaf",Wellington E Webb Municipal Building,,,3143328.956,1694929.311
2003.15.1,2003,Building Blocks,Robert Murase,Stone and Marble,Wellington E Webb Municipal Building,,,3143661.854,1695133.589
2003.16.1,2003,Tools,Donald Lipski,Mixed Media,Wellington E Webb Municipal Building,,,3143540.799,1695204.517
2003.7.1,2003,Workers,Darrell Anderson,Ceramic Mosaic,Wellington E Webb Municipal Building,,,3143235.329,1695015.372
2003.12.1,2003,Whole Life,Bonny Lhotka,Holograph,Wellington E Webb Municipal Building,,,3143250.461,1695020.1
2003.6.1,2003,Ascent,Bill Starke,Cast Metal,Wellington E Webb Municipal Building,,,3143289.235,1695033.341
2003.5.1,2003,Canyon Walls,Judith Trager,Fiber,Wellington E Webb Municipal Building,,,3143302.476,1695035.232
2003.10.1,2003,Civic Centerized,Steven Altman,Acrylic Painting,Wellington E Webb Municipal Building,,,3143317.608,1695043.744
2003.13.1,2003,Antiquities and Revisisted,Sue Quinlan,Wood Carving,Wellington E Webb Municipal Building,,,3143338.414,1695049.419
2003.8.1,2003,Inter Spirit of the Created Colorado Vision,Nathaniel Bustion,Stone and Marble,Wellington E Webb Municipal Building,,,3143351.654,1695056.038
2003.4.1,2003,Grand Poobah and Office Fairy,Daniel Salazar,Photograph,Wellington E Webb Municipal Building,,,3143370.569,1695066.442
2004.5.1,2004,Model State; A Local Cosmology,John McEnroe,Fiberglass and Polyester Resin,Convention Center Expansion,,,3142023.047,1695963.717
2003.26.1,2003,The Spirit of Togetherness,Yvonne Munide,Acrylic Painting,African American Research Library,,,3145835.348,1699202.47
2004.8.1,2004,African American Spirit of the West,Thomas Jay Warren,Bronze,African American Research Library,,,3145846.036,1699205.241
2003.24.1,2003,Firehouse,Dennis Oppenheim,Aluminum Mixed Media,Fire Station 9,,,3149602.703,1708960.044
2003.28.1,2003,Bluecityjungle,Michael Gadlin,Acrylic Painting,Police Department District 2 Northeast,,,3162266.269,1706280.611
2004.7.1,2004,Silver Sky,Dayton Claudio,Epoxy Composit and acrylic,Montclair Recreation Center,,,3170324.096,1690402.911
2004.9.1,2004,Swimming under the Trees and Autumn Leaves,Shan Shan Sheng,Cold cast glass,Rude Park Recreation Center,,,3134072.471,1693448.453
2004.6.1,2004,Aqua Portal,Don Lawler and Meg White,Marble,Ashland Recreation Center,,,3135535.928,1701947.061
2005.5.1,2005,Camino,Michael Clapper,Limestone and stainless steel,Park Avenue Warehouse,,,3141808.583,1703926.598
1920.2.1,1920,The Prospector,Allen True,Oil Painting on Canvas,Civic Center Park,Greek Theatre,,3143737.15,1694155.412
2008.9.1,2008,Camarasaurus and Ceratosaurus,Gary Staab,Fiberglass,DMNS Garage,2001 Colorado Blvd,,3156342.786,1697938.825
2008.10.1,2008,Mustang,Luis Jimenez,Fiberglass and Steel,Pena Blvd and Pena Cir,,,3231346.539,1729761.208
2005.3.1,2005,Rehearsal,Stephen Batura,Acrylic Painting,Ellie Caulkins Opera House,,,3141378.681,1696596.074
2006.10.1,2006,Maria Mosina and Igor Vassim,John DeAndrea ,"Bronze, Polychromed in Oil",Ellie Caulkins Opera House,,,3141405.528,1696606.813
1994.3.1,1994,Flame of Compassion,Ross Barrable,Steel Wire,Communication Center,,,3152242.524,1691673.915
1997.7.1,1997,Family Pillar,Lisa Kaslow,Painted Steel,Social Services Building,,,3133964.492,1693003.917
1968.4.1,1968,Hungarian Freedom Monument,Zoltan and Steven Popovits,Bronze,Hungarian Park,,,3147439.912,1687046.997
1932.1.1,1932,Benedict Fountain,Maurice Bardin,Marble,Hungarian Park,,,3147164.872,1687120.872
1976.1.1,1976,Steel Street Fountain,Gary Dwyer,Concrete ,Cherry Creek Park,,,3154667.08,1685574.833
1976.3.1,1976,General Pulaski Monument,Zbigniew Maleszewski,Marble,Pulaski Park,,,3155607.981,1684641.543
1991.18.1,1991,Juntos/Together,Tony Ortega,Tile Mosiac,Lakewood Dry Gulch Park,,,3127902.243,1692252.031
1992.4.1,1992,Dominion,Evelyn Rosenberg,Steel,National Western Stock Show Complex,Exterior,,3148858.694,1709759.157
1993.12.1,1993,Family and Community Fun,Nick Vigil,Mural,St. Charles Recreation Center,,,3148640.952,1705632.294
1995.7.1,1995,Argento Piattino con Pesce,Andy Libertone,Metal/Stone,6th Speer and Lincoln,,,3144560.75,1689507.48
1996.1.1,1996,Bridge of Recycling Fountains,Laura Audrey,Water/Steel,2000 West Third Avenue,,,3138111.167,1687854.993
1996.2.1,1996,Mountain Streams,Steven Jensen,Wood,Davis Pavilion,,,3143274.094,1690520.99
1988.2.1,1988,When Legends Run Free (Running Wolves),Rik Sargent,Bronze,Museum of Nature and Science,,,3156727.482,1697895.79
1969.1.1,1968,Unititled,Angelo DiBenidetto,concrete and original was plywood,Burns Park,,Redone in 2004 in concrete,3157607.58,1685009.179
1999.1.1,1999,Jazz,Barbara Baer,Painted Steel,Burns Park,,,3157595.645,1685163.041
1993.7.1,1993,Petros,Bill Gian.,Painted Steel,Creekfront Park,,,3140507.255,1697234.559
1995.4.1,1995,Legend,William Burgess,Painted Steel,16th Street Mall Extension,,,3140586.249,1698891.242
1995.5.1,1995,Platte Valley Time Vanes  6 vanes,David Griggs,Painted Fabricated Steel,23rd Street Viaduct,,,3143137.702,1701063.088
1968.3.1,1968,Untitled,Wilbert Verhelst,Wood and plexiglass,Burns Park,,,3157519.906,1684722.721
1968.2.1,1968,Untitled,Roger Kotoske,Wood and plexiglass,Burns Park,,,3157660.532,1684887
1989.4.1,1989,Hogback,Elaine Calzolari,Sandstone  ,Cherry Creek Park,,,3154371.373,1685640.844
1990.2.1,1990,Park and Garden Benches,Carolyn Braaksma,Concrete and Bronze,Colorado Blvd and MLK Blvd,,,3166038.213,1705931.764
1990.1.1,1990,Sandstone Median,Trine Bumiller,Sandstone,Colorado Blvd,On medians down Colorado Blvd. between 44th and Alameda,,3157337.34,1685671.93
1994.4.1,1994,First Round,JoeSam.,Painted Steel Wood,Kennedy Golf Course,,,3178362.129,1663436.006
1995.8.1,1995,Untitled  Geomantic Artwork,Wang Po Shu,Stone Wood Steel,Ross University Hills Branch Library,Exterior,,3158538.489,1667687.055
1998.3.1,1998,Full Play,Barbara Baer,Plexiglass and metal,Cook Park,,,3166418.367,1675697.872
1998.2.1,1998,Man and Woman two pieces,Fernando Botero,Bronze,DPAC Atrium,,,3140963.803,1696385.099
1997.4.1,1997,Monumental Intentions,Marcus Akinlana,Tile Mosiac,PLEX Galleria,,,3141126.13,1696536.141
1997.5.1,1997,Twi Lights,John Powell,Light Installation,Plex Garage,,,3141063.629,1696733.189
1971.1.1,1971,Anemotive Tower 6,Robert Mangold,Steel,Athmar Branch Library,Exterior,,3136964.869,1679094.391
1980.1.1,1980,Infinite Energy,Victor M. Contreras,Bronze,Denver Performing Arts Complex,,,3141145.227,1696523.988
1991.19.1,1991,Ode to the West Wind,George Woodman,Tile Mosiac,Temple Buell Theatre,Mezzanine Level,,3141159.983,1696538.745
1991.8.1,1991,Union Spire,Kevin Oehler,Painted Steel,14th and Wazee,,,3140066.008,1697929.052
1991.10.1,1991,Colorado Vactionland,Gary Sweeney,Photographic Installation,16th and California,,,3142818.278,1696776.212
1992.2.1,1992,Soundwalk,Jim Green,Sound Sculpture,Between 15th and 16th on Curtis,,,3141559.66,1697464.414
1992.3.1,1992,Creekfront,Barry Rose,Ceramic Tiles,Creekfront Park,On bollards at Speer Boulevard and Larimer street entrances to the Cherry Creek Path,,3140526.673,1697274.31
1912.1.1,1912,Childrens Fountain,Max Blondet,Marble,City Park,South Path around Ferril Lake,,3155278.13,1696747.239
2001.1.1,2001,Martin Luther King Jr  Monument,Ed Dwight,Marble/Bronze,"City Park  Martin Luther King, Jr. Sculpture",,,3153387.36,1697084.792
1961.1.1,1961,Elephant at the Waterhole Mural,Eva Brand,Mural,Denver Zoo,,,3154876.304,1698623.555
1981.3.1,1981,Golden Eagle Sculpture,T.H. Dickson,Bronze,Denver Zoo,,,3154891.831,1698600.265
1988.1.1,1988,Cares For Her Brother,Veryl Goodnight,Bronze,Denver Zoo,,,3154889.889,1698575.035
2004.4.1,2004,Laughing Escalator,Jim Green,Sound Installation,Convention Center Expansion,,,3141891.98,1696065.512
2003.9.1,2003,Construction  ,Darrell Anderson,Painted Ceramic,Wellington E Webb Municipal Building,5th Floor Elevator Hall,,3143383.889,1695090.285
2005.7.1,2005,Meeting of the Minds,Douglas Kornfeld ,Painted Steel,City Park Golf Clubhouse,,,3151970.529,1699580.957
2006.11.1,2006,Gratis and Aegis,Jonathan Stiles,Steel,Police Department District 3 Southwest,,,3152047.433,1675678.779
1934.1.1,1934,American Indian Orpheus and the Animals,Gladys Caldwell Fisher,Stone Relief,City and County Building,,,3143163.208,1694528.632
1939.1.1,1939,Unknown,Louise Ronnebeck,Fresco,Denver General Hospital, ,,3143315.009,1689950.134
1991.14.1,1991,At Play,Julie Burrington,Mural,Congress Park Pool,,,3153046.431,1691239.684
1997.6.1,1997,The Flag,Jill Burkee/Giancarlo Biagi,Painted Bronze,Social Services Building,,,3133955.324,1693031.422
1992.1.1,1992,Personal Icons,Barry Rose,Bronze Tiles,Ross Barnum Branch Library,,,3130990.345,1686723.021
1968.1.1,1968,Homage To The Pioneer,Susan Pogzeba,Bronze and Concrete,SE Corner of Lincoln and Speer,,,3144385.355,1690114.482
1969.2.1,1968,Untitled  Dedicated To Martin Luther King Jr,Anthony Magar,Wood and plexiglass,Burns Park,,,3158043.778,1684879.838
1991.16.1,1991,Jesters,Mike Davis,Painted Steel Sculptures,Curtis between 14th and 16th,On either side of the street,,3141454.514,1696763.746
2003.39.1,2003,Dancers,Jonathan Borofsky,Steel and Fiberglass,DPAC Sculpture Park,Speer side,,3140818.837,1695921.557
1975.1.1,1975,Untitled,Gerald Cross,Steel  and Plexiglass,Auraria Triangle,,,3140737.24,1695014.439
1991.11.1,1991,Jade Spire,Kevin Oehler,Bronze,17th and Blake,,,3141166.431,1698923.615
1909.1.1,1909,Robert Burns Memorial,Grant Stevenson,Bronze,City Park,,,3153629.326,1697476.336
1977.2.1,1977,The Sentinel  Pronghorn,Kenneth Bunn,Bronze,Denver Zoo,,,3154843.31,1698611.91
1924.1.1,1924,Pinhorn Statue and Drinking Fountain,Clara Soanson Dieman,Bronze, Larimer Square,Breezeway,,3140867.281,1697532.448
1998.4.1,1998,Sympathetic Embrace,Michael Clapper,Stone,Denver Health,Corner of Bannock and Speer,,3143419.72,1690486.812
1989.5.1,1989,The Gorilla,Sherry Sander,Bronze,Denver Zoo,,,3153071.848,1698722.9
1991.5.1,1991,Moose And Baby Grazing,Peter Kola,Oil painting,Denver Police Department,,,3142777.336,1694044.86
2002.1.1,2002,Northpark,Tony Ortega and Maureen Auman,Sandblasted Concrete/Lithochrome Dye,Northside Park North Platte Reclamation,,,3160411.243,1713113.774
2003.11.1,2003,South Gateway,Scott Greenig,Painting Acrylic,Wellington E Webb Municipal Building,,,3143275.05,1695026.721
2003.3.1,2003,Civic Center Floating Island,Jim Colbert,Oil Painting  ,Wellington E Webb Municipal Building,,,3143406.506,1695107.203
2003.27.1,2003,Cultural Tapestries,L.Brower Hatcher,Mixed Media,Police Department District 1 Northwest,,,3139718.365,1709546.396
2003.19.2,2003,House Play  Childerns Cabinets,George Peters and Melanie Walker,Painted Plywood  ,Family Crisis Center,Lobby Area,,3133917.876,1692387.675
1920.6.1,1920,The Ancient Mariner,Robert Garrison,Carved Stone,Park Hill Branch Library,Main Building East Wall,,3159560.575,1697780.602
2008.4.1,2008,Stimuli,Christopher Weed,Powder coated steel,Lowry Head Start,11th and Ulster St,,3170450.67,1691736.956
2009.1.1,2009,Current3,Virginia Folkstad,Light,Manny's Bridge,Wynkoop St over Cherry Creek,,3139625.597,1698468.993
1911.1.1,1911,Pioneer Fountain,Frederick MacMonnies,Bronze Granite,Broadway and Colfax,,,3144073.992,1694938.703
1970.1.1,1970,"Christopher Columbus, Discoverer of America",William F Joseph,Bronze,Civic Center Park,,,3143804.883,1694668.525
1920.3.1,1920,Broncho Buster,Alexander Phimister Proctor,Bronze,Civic Center Park,,,3143690.683,1694431.855
1922.1.1,1922,On The War Trail,Alexander Phimister Proctor,Bronze,Civic Center Park,,,3143807.639,1694435.399
1989.3.1,1989,Calculated Risk,Erick Johnson,Aluminum  ,City Permit Building,NE corner exterior,,3143305.39,1694208.392
1989.2.1,1989,Town Where The West Went Wild,Steven F. Morath,Mural,City Permit Building,,,3143291.221,1694180.051
2004.3.1,2004,Indeterminate Line,Bernar Venet,Cor-ten Steel,Convention Center Expansion,Corner of Speer and Stout,,3140886.455,1695638.294
1991.9.1,1991,Tail Spin,Erick Johnson,Metal Installation,Colorado Convention Center ,14th St side lobby exhibition hall,,3141712.235,1696237.44
2004.1.1,2004,Pioneers of Colorado,William Mathews,Watercolor,Convention Center Expansion,,,3141766.94,1695911.817
2004.2.1,2004,Wood Water Rock,Trine Bumiller,Oil Paintings,Convention Center Expansion,Amphitheatre Lobby,,3141506.442,1695310.066
2005.2.1,2005,Stone Garden,Jonathan Bonner,Granite,Convention Center Expansion,,,3142233.232,1695833.668
2005.1.1,2005,I See What You Mean,Lawrence Argent,Composite Materials,Convention Center Expansion,,,3141873.744,1696180.131
2005.4.1,2005,Reconstructing Ancient Colorado Landscapes,Johnson Vriesen Museum,Acrylic,Convention Center Expansion,,,3141639.153,1695756.229
1898.1.1,1898,The Boy and a Frog,Elsie Ward Hering,Bronze,Denver Botanic Gardens,,,3151543.386,1691648.496
1980.3.1,1980,Scripture Gardens,William F Joseph,Bronze Plaques,Denver Botanic Gardens,,,3151606.116,1691725.809
1971.3.1,1971,Feature Fountain,Unknown,Stone,Denver Botanic Gardens,,,3151468.181,1691736.194
1938.1.1,1938,Unknown Portrait of Thomas Jefferson,Unknown,Oil on Canvas,City and County Building,,,3143162.339,1694539.049
1950.2.1,1950,Miners Court,Allen True,Oil Painting on Canvas,City and County Building,,,3143162.339,1694560.75
1993.1.1,1993,20th Century Perspectives,Susan Cooper,Oil on Sculpted Wood,City and County Building,,,3143163.208,1694569.431
1995.1.1,1995,Saco DeBoer,Ed Dwight,Bronze,City and County Building,,,3143164.943,1694519.952
1995.2.1,1995,Mayor Robert Speer,Thomas Jay Warren,Bronze,City and County Building,,,3143168.416,1694511.272
1980.2.1,1980,Colorado Miner,George Carlson,Bronze,Washington Park,,,3149048.654,1681346.909
1918.1.1,1918,Joseph Addison Thatcher Memorial,Lorado Taft,Bronze and Marble,City Park,Entrance off Esplanade,,3152738.78,1696630.818
1966.1.1,1966,Antique Chinese Type Sundial or The Sundial,Milt Erickson,Stone  ,"1st and Bellaire St, off Colorado Blvd.",,,3159020.581,1687341.489
1977.1.1,1977,"Pasado, Presente, Futuro",Carlota Espinoza,Mural,Byers Branch Library,Above main desk,,3140951.642,1690122.618
1993.6.1,1993,Berkeley Park: Past and Present,Randi Eyre,Mural,Berkeley Park Pool,,,3127081.359,1709791.05
1994.1.1,1994,Clear Concept,Sherry Allen,Mural,Berkeley Park,,,3127104.962,1709795.341
1991.14.2,1991,Water Friends,Julie Burrington,Mural,Congress Park Pool,,,3153046.431,1691239.684
1994.9.1,1994,SubCore Floors,Darrell Anderson and Barb McKee,Mosiac Floor,Denver International Airport,,,3232557.965,1735005.11
1994.11.1,1994,Tribute to William E. Smith,Ed Dwight,Bronze,Denver International Airport,,,3232037.131,1735352.333
1994.12.1,1994,"America, Why I Love Her",Gary Sweeney,Mixed Media,Denver International Airport,,,3231689.909,1735439.139
1994.13.1,1994,Train Call,Jim Green,Sound Installation,Denver International Airport,,,3231863.52,1735439.139
1994.27.1,1994,Beaded Circle Crossing,Alice Adams,Steel and Mixed Media,Denver International Airport,,,3232037.131,1735439.139
1994.14.1,1994,Great Hall Floor,Juane Quick-To-See Smith and Ken Iw,Terrazzo,Denver International Airport,,,3231950.326,1735612.75
1994.15.1,1994,Deep Time/Deep Space,Leni Schwendinger,Neon/bronze,Denver International Airport,,,3232037.131,1735439.139
1994.16.1,1994,Untitled  Interior Garden,Michael Singer,Concrete and plants,Denver International Airport,,,3232210.743,1735265.528
1994.17.1,1994,Experimental Aviation,Patty Ortiz,Metal,Denver International Airport,,,3231863.52,1735439.139
1994.19.1,1994,Kinetic Light Air Curtain,Toni Rosato and William Maxwell,Steel,Denver International Airport,,,3232210.743,1735265.528
1994.20.1,1994,Audio Works,Various Artists,Audio,Denver International Airport,,,3232297.547,1735352.333
1994.22.1,1994,SkyDance,Anna Murch,Light projection,Denver International Airport,,,3232037.131,1735091.917
1994.23.1,1994,Dual Meridian,David Griggs,Steel,Denver International Airport,,,3231950.326,1735439.139
1994.24.1,1994,Elrey B Jeppesen Tribute,George W Lundeen,Bronze,Denver International Airport,,,3231776.715,1735091.917
1994.25.1,1994,Children of the World Dream of Peace,Leo Tanguma,Oil on Canvas,Denver International Airport,,,3231863.52,1735005.11
1994.26.1,1994,Spirit of The People,Western American Indian Chamber,Photos audio painting,Denver International Airport,,,3231776.715,1735352.333
1997.1.1,1997,Jack Swagert,George W. Lundeen,Bronze,Denver International Airport,,,3231950.326,1735352.333
1999.4.1,1999,La Memoria de Nuestra Tierra ,"Judy Baca, Chicano Humanities ",Mural,Denver International Airport,,,3231863.52,1735005.11
1999.5.1,1999,Mile High and Rising,"Marcus Akinlana, ULOZI,Inc.",Mural,Denver International Airport,,,3231863.52,1735439.139
2004.11.1,2004,Art Films - Film/Video Grant Project for Students,Various Artists,Video,Denver International Airport,,,3231950.326,1735352.333
2003.29.1,2003,Red Rocks scenries ,Stephen Batura,Casein on canvas,Red Rocks Amphitheater,,,3082540.124,1667475.548
2003.32.1,2003,Red Rocks scenries ,Joellyn Duesberry,Oil on Linen,Red Rocks Amphitheater,,,3082536.736,1667487.971
2003.33.1,2003,Red Rocks scenries ,Christy Wyckoff,Oil on Canvas,Red Rocks Amphitheater,,,3082527.701,1667476.676
2003.34.1,2003,Red Rocks scenries ,Buffalo Kaplinski,Watercolor,Red Rocks Amphitheater,,,3082518.665,1667465.383
2003.36.1,2003,Red Rocks scenries ,Jim Colbert,Oil on Canvas,Red Rocks Amphitheater,,,3082520.924,1667440.535
2003.37.1,2003,Red Rocks scenries ,William Stockman,Oil on Canvas,Red Rocks Amphitheater,,,3082532.218,1667432.63
2003.38.1,2003,Red Rocks ,Judith Trager,Fiber Quilt,Red Rocks Amphitheater,,,3082544.642,1667442.794
2004.10.1,2004,Red Rocks scenries ,Andrew Reid,Acrylic on canvas,Red Rocks Amphitheater,,,3082548.03,1667460.865
1975.2.1,1975,Untitled,Robert Mangold,Steel sculpture,144 West Colfax,One of two,,3141513.688,1694849
1975.2.2,1975,Untitled,Robert Mangold,Steel sculpture,Civic Center Park,Two of two,,3143602.664,1694891.101
1975.4.1,1975,Concrete and Steel - 1975,"Will Morton, VIII","Concrete, steel, paint, glass",Montbello Branch Library,,Interactive piece that runs through building,3185365.31,1709702.035
1996.5.1,1996,Denver Central Library Public Art Project: ,Edward J Ruscha,Oil on Canvas,Central Library,,,3143904.879,1693963.543
2010.4.1,2010,Cloudbreak,Catherine Widgery,Glass and Steel,Denver Justice Center Jury Room,,,3142101.457,1694516.046
2010.6.1,2010,Denver Convergence ,Ralph  Helmick,Steel,Lindsey Flanigan Courthouse,,,3142229.168,1694771.297
2010.5.1,2010,Light Chamber,Dennis  Oppenheim,Galvanized steel and polycarbonate rods,Lindsey Flanigan Courthouse,,,3142052.542,1694580.094
2010.7.1,2010,Acumen,Garrison  Roots,Terrazzo,Van Cise Simonet Detention Facility,,,3142433.546,1694559.911
2010.8.1,2010,Albedo,Osman Akan,Stainless Steel and Dichroic Glass,Denver Botanic Gardens,,,3151977.421,1692096.459
2010.9.1,2010,Current,Michael  Clapper,Granite and Steel,Cherry Creek Trail (between Monaco and Holly),,,3163941.015,1677846.556
2011.1.1,2011,Thought Balloons ,Marek  Walzcak and Wesley Heiss,"Video Monitors, motion sensors and interactive software",Central Park Rec Center,,,3176080.8,1702574.196
2011.2.1,2011,Staplefield,Marek  Walzcak and Wesley Heiss,Interactive LED light array,Central Park Rec Center,,,3176095.386,1702572.575
2004.12.1,2004,Untitled,Tony Ortega and Maureen Auman,Sandblasted painted images and text,Platte River Dr and  N Franklin st on Sidewalk,,,3148138.739,1712908.837
2009.11.1,2009,Un Corrido Pa La Gente ,Carlos Fresquez,Painted Steel,Morrison Road Gateway ,,,3125768.255,1679120.768
2009.2.1,2009,Trade Deficit,Joseph  Riche,Steel,Broadway  Three locations,,,3144104.209,1702127.083
2009.3.1,2009,Tulga,Tsogo  Miigid,Stainless steel,Ulaanbataar Park/Lowry,western corner of park,,3168584.982,1689291.632
2010.10.1,2010,Chorus,Thomas Sayre,Earth Cast Concrete,Westerly Creek:  Donation from PCMD,,,3174156.357,1700426.859
1991.20.1,1991,Come on in!,Jim Sale,Mixed Media,Washington Park Rec Center,,,3148949.02,1681246.253
1996.4.1,1996,Tribute to African American and Women Firefig,Emanuel Martinez,Sandstone Relief,Firestation 10,,,3154714.586,1703005.761
1993.9.1,1993,Sun Signal and Sun Flag  2 pieces,Stan Meyer,Painted Metal,Ross Cherry Creek Library,,,3154042.423,1688006.358
1922.3.1,1922,Sea Lions Fountain,Robert Garrison,Bronze,Civic Center Park,,,3143720.226,1694892.343
1991.1.1,1991,Colorado Panorama: A Peoples History,Barbara Jo Revelle,Photographic Tile Mural,Colorado Convention Center,,,3141881.559,1695356.955
1950.1.1,1950,Frontier Trail,Allen True,Oil Painting on Canvas,City and County Building,,,3143160.603,1694551.201
1919.2.1,1919,"Wynken, Blynken and Nod",Mabel Landrum Torrey,Marble,Washington Park,,,3149428.448,1681648.948
1994.10.1,1994,A Different Sense of Time,Dick Alweis,Video Installation,Denver International Airport,,,3231776.715,1735439.139
1994.18.1,1994,Notre Denver,Terry Allen,Stone,Denver International Airport,,,3231776.715,1735178.721
1994.28.1,1994,Rearing Mustang,Luis Jimenez,Fiberglass,Denver International Airport,,,3232210.743,1735265.528
2003.35.1,2003,Red Rocks scenries ,Carol Fitzgerald,Watercolor,Red Rocks Amphitheater,,,3082520.924,1667454.089
1994.2.1,1994,Lost Borders,Sherry Wiggins,Found objects,6th Speer and Lincoln,,,3144451.702,1689841.525
1997.3.1,1997,3 Wild Spaces  one of three,Andrew Dufford,Etched Granite,Goldsmith Gulch 3 locations,On Pathway,,3167458.952,1667833.976
1965.2.1,1965,Untitled,Anthony Magar,Steel,University and 1st Triangle,,,3152163.568,1687301.982
1983.1.1,1983,Babi Yar Park,Satoru Nishita,Metal/wood/black granite,Babi Yar Park,,,3178020.91,1669049.465
2003.21.1,2003,Photo-Illustrations,Marcie Jan Bronstein,Digital Photographic Prints,Family Crisis Center,,,3133905.772,1692430.038
2008.3.1,2008,"Untitled",Keith White and Your Name in Grafitti,Aerosol Paint Mural,Globeville Pool and Argo Park,4700 Logan St,,3145664.162,1710216.265
1999.2.1,1999,Confluent People,Emanuel Martinez,Mural,Little Raven St and Speer Blvd. underpass,,,3138381.574,1699589.8
1991.17.1,1991,Medalions,John Boak,Acrylic on Metal,Harvard Gulch Recreation Center,,,3146153.619,1670941.736
2003.14.1,2003,Civic Source Point,Larry Kirkland,Aluminum and diachronic glass,Wellington E Webb Municipal Building,Atrium,,3143360.165,1695007.806
2003.2.1,2003,The Ensemble,Oyedelle Oginga,Wood Relief,Wellington E Webb Municipal Building,,,3143421.638,1695117.605
2005.6.1,2005,The Denver ,Kristine Smock,Steel,Sloans Lake Park,,,3130237.761,1696386.36
1991.15.1,1991,Parked Perspectives,Susan Cooper,Cast concrete,Congress Park Pool,,,3153080.811,1691317.613
1993.10.1,1993,Drums of Peace and Dignity,Nick Vigil,Painted Wood Sculpture,St. Charles Recreation Center,,,3148670.465,1705542.885
1994.29.1,1994,Continuum,Clay Wright,Acrylic,20th St. Recreation Center,,,3143343.111,1698946.303
1994.5.1,1994,Pursuing Perspectives,Susan Cooper,Oil on Sculpted Wood,Virginia Village Library,,,3160112.606,1676323.884
1991.7.1,1991,Taking The Heat,Joseph A Cipri,Bronze,Firestation 1,,,3141394.359,1694924.161
1930.1.1,1930,Grizzlys Last Stand,Louis Paul Jones,Bronze ,City Park,NW corner of DMNS Exterior,,3156364.749,1697822.966
2006.9.1,2006,Field Report,Robin Ault,Acrylic and gouche,Colorado Convention Center Hotel Hyatt,Outside of main ballroom,,3142294.83,1696113.606
2006.23.1,2006,Untitled,Erik Paddock,Video Installation,Colorado Convention Center Hotel Hyatt,Lobby Elevator,,3142366.165,1696096.484
2003.23.1,2003,The Lowry Trios,Steven Batura,Painting,Schlessman Family Library,,,3167589.536,1687202.091
2006.31.1,2006,Hope Trellis,Emmett  Culligan,Sandstone and Steel,Eddie Maestes Park,"Intersection of Broadway, Lawrence and Park Ave West",,3144024.705,1700327.378
2010.14.1,2010,Pathways,Juarez Mike,Tile Mosaic,Westwood Childcare Facility,,,3131129.727,1679728.107
2011.3.1,2011,Cloud Seeding,Erik  Carlson,"Video, film and text and computer interface",Green Valley Ranch Library,,,3206076.98,1711598.925
1924.2.1,1924,Faculty Row and Animal Spirits,Robert Garrison,Frieze,South High School ,,,3150074.666,1677420.953
1983.2.1,1983,Reflections,Frank Swanson,Stone,Denver Botanic Gardens ,,,3151741.765,1692107.739
1989.6.1,1984,Flight of the Eagle Dancer,Jerry Jaramillo,Mural,Aztlan Rec Center ,,,3139318.565,1708406.09
2011.7.7,2011,The Flying Horse Carries Me Across the Sky,Steven Altman,"Acrylic, graphite and paint skins on panel",Eastside Human Services ,,,3154493.286,1705879.827
2011.7.6,2011,Colorado Prints,Jess E. DuBois,12 fine art prints,Eastside Human Services ,,,3154493.286,1705879.827
2011.7.4.1,2011,Dream Big  Denver,Carlos Fresquez,mixed media on panel,Eastside Human Services ,,,3154493.286,1705879.827
2011.7.4.2,2011,Cubist Roots No Bull,Carlos Fresquez,mixed media on panel,Eastside Human Services ,,,3154493.286,1705879.827
2011.7.4.3,2011,Ya Need Culture Dog,Carlos Fresquez,mixed media on panel,Eastside Human Services ,,,3154493.286,1705879.827
2011.7.4.4,2011,Sweet After Bitter,Carlos Fresquez,mixed media on panel,Eastside Human Services ,,,3154493.286,1705879.827
2011.7.5,2011,Imagination is Key,Guerilla Garden,mural -spray paint and enamel on concrete,Eastside Human Services ,,,3154493.286,1705879.827
2011.7.3,2011,Things that make you smile I-IV,Vincent Juarez,tile mosaic,Eastside Human Services ,,,3154493.286,1705879.827
2011.7.1,2011,Peace Bird,Ray King,dichroic glass,Eastside Human Services ,,,3154493.286,1705879.827
2011.7.2,2011,Up Up and Away,Carol Ann Waugh,Fabric on Panel,Eastside Human Services ,,,3154493.286,1705879.827
2011.8.1,2011,Two Views from Above,Ken Bernstein,Photorealism Murals,Roslyn Administration Building ,,,3168522.526,1715313.941
2011.5.1,2011,Lake Totem,Andrew Dufford,Stone,Sloan's Lake Park Marina ,,,3125976.24,1696828.098
2011.9.1,2011,Sunlight,Adam Frank,Video Projection,Minoru Yasui Building ,,,3142954.806,1694999.346
2011.4.3,2011,Sun Spot,Laura Haddad and Tom Drugan,"Three components: Steel and Stainless pet tags, aluminum",Denver Municipal Animal Shelter ,,,3139888.03,1685761.167
2011.6.1,2011,Twilight Twist,Erick Johnson,stainless steel,Ruby Hill Park ,,,3139339.426,1674745.235
2011.10.1,2011,Virga,Patrick Marold,stainless steel,Delgany Pedestrian Bridge...  roughly,,,3139112.283,1698970.766
2011.11.1,2011,Connections,Robert Pietruzcewski,titanium and steel,Skyline Park ,,,3141467.969,1697464.599
2011.12.1,2011,Rex Morgan Tribute Sculpture,Patrick Marold,stone,DPAC Galleria,,,3140774.454,1696261.104
2012.1.1,2012,Untitled,Bob Zoell,Ceramic tiles,Police: Traffic Operations-,,,3141650.6,1703859.796
2012.2.4,2012,Face the Sun,Kevin Curry,Lexan sheeting, ,,,3128144.011,1706722.78
2006.1.1,2006,ENGI,Tatsuo Miyajima,Digital Installation,Denver Art Museum,Atriumof the Hamilton Building,,3143653.95,1693514.765
2006.7.1,2006,Untitled  Glazed Abstract paintings ,Steve Altman,Acrylic Painting,Colorado Convention Center Hotel Hyatt,,,3142217.786,1696047.975
2006.8.1,2006,Outside,Joseph Kosuth,Stainless Steel and stone,Colorado Convention Center Hotel Hyatt,Circling exterior of hotel,,3142252.028,1696076.511
2006.14.1,2006,Untitled,Gary Huibgrtse,Video Installation,Colorado Convention Center Hotel Hyatt,Lobby Elevator,,3142331.925,1696139.287
2006.15.1,2006,Untitled,Daniel Perales,Video Installation,Colorado Convention Center Hotel Hyatt,Lobby Elevator,,3142377.579,1696193.502
2006.16.1,2006,Untitled,Scott Engel,Video Installation,Colorado Convention Center Hotel Hyatt,Lobby Elevator,,3142414.676,1696219.184
2006.17.1,2006,Untitled,William Wylie,Video Installation,Colorado Convention Center Hotel Hyatt,Lobby Elevator,,3142440.356,1696247.718
2006.18.1,2006,Untitled,Jeffrey Hirsch,Video Installation,Colorado Convention Center Hotel Hyatt,Lobby Elevator,,3142480.305,1696281.96
2006.19.1,2006,Untitled,Kevin OConnell ,Video Installation,Colorado Convention Center Hotel Hyatt,Lobby Elevator,,3142252.028,1695999.467
2006.20.1,2006,Untitled,Steve Fitch,Video Installation,Colorado Convention Center Hotel Hyatt,Lobby Elevator,,3142274.855,1696030.855
2006.21.1,2006,Untitled,Frank Golhke,Video Installation,Colorado Convention Center Hotel Hyatt,Lobby Elevator,,3142311.95,1696050.83
2006.22.1,2006,Untitled,Michael Mancarella,Video Installation,Colorado Convention Center Hotel Hyatt,Lobby Elevator,,3142346.192,1696076.511
2006.24.1,2006,Untitled,Lyn Smith,Video Installation,Colorado Convention Center Hotel Hyatt,Lobby Elevator,,3142397.554,1696125.019
2006.25.1,2006,Untitled,William Suttom,Video Installation,Colorado Convention Center Hotel Hyatt,Lobby Elevator,,3142443.21,1696159.261
2006.3.1,2006,Channeled Energy Flow,Caspar Henselman,Fiberglass_stone_light  ,Police Department District 2 Northeast,,,3162308.523,1706293.049
2006.2.1,2006,Prairie Dogs and Schoolhouse ,Judith Stewart,Bronze,Green Valley Ranch Recreation Center,,,3205850.695,1711796.288
2006.4.1,2006,Promenade,Ann Weber,Bronze,Skyline Park,,,3141887.688,1697864.824
1970.3.1,1970,The Family,Edgar Britton,Bronze,Denver Health  ,Circle Drive at the Main Entrance,,3142944.132,1690425.562
1971.2.1,1971,Eyes On The Park,Emanuel Martinez,Mural,Curtis-Mestizo Park,,,3147557.855,1702693.338
2006.6.1,2006,Combustion,Joseph McDonnell,Stainless Steel,Parkfield Fire Station ,,,3197867.093,1713926.212
2006.5.1,2006,MLK Plaques,Li Hardison,Bronze,MLK Improvement Project ,,,3159770.981,1702916.176
1994.6.1,1994,Balustrade,Betty Woodman,Ceramic  ,Denver International Airport,,,3231950.326,1736307.195
1994.7.1,1994,Pivot Emblem and Fenceline Artifact,Buster Simpson and Sherry Wiggins,Farm Implements,Denver International Airport,,,3232075.658,1730694.855
1994.8.1,1994,21st Century Artifacts,Carolyn Braaksma and Mark Villarrea,Bronze and terrazzo,Denver International Airport,,,3232037.131,1735178.721
1907.2.1,1907,National Humane Alliance Fountain,Unknown,Granite and Bronze,Colfax and Tremont street,,,3142517.828,1694904.945
1995.10.1,1995,The Evolution of the Ball,Lonnie Hanzon,Ceramic and Steel,Coors Field West Entrance,Wynkoop St and 20th Ave,,3141619.85,1700463.152
1995.11.1,1995,Bottom of the Ninth,Erick  Johnson,Neon,Coors Field Sandlot Brewery ,Blake St and 22nd,,3142680.164,1700712.751
1997.9.1,1997,Sign Post,Sara Jane Maclennan,Bronze Plaques,17th St Sidewalks from Larimer to Broadway,,,3141722.656,1698521.633
2004.13.1,2004,Cottonwood Leaf ,Andrew  Dufford,African Granite and bronze,Confluence Park,,,3138512.389,1700138.187
2009.1.1,2008,Global Rhythms,Bill & Mary  Buchen,Stainless Steel,Green Valley Ranch Park,Near Elementary School,,3211791.092,1707178.856
2009.10.1,2009,Imaginary Space and Time Tunnels,Alice  Aycock,Painted Aluminum,Montbello Recreation Center Exterior,,,3195044.07,1714216.314
2009.4.1,2009,Avian Front,Patrick  Marold,Recycled Steel ,Denver Zoo/City Park,southwest corner near duck pond,,3153298.86,1697889.965
2009.5.1,2009,Leaves of Grass,Tyler  Aiello,Steel,Red Rocks Park,,,3082534.866,1667196.854
2009.7.1,2009,Garden Stories,Lars Stanley,Painted Steel,Greenway Park/ Donated by DURA Stapleton,Denver Urban Gardens site,,3169619.495,1698884.335
2009.8.1,2009,Untitled,Anthony  Magar,Painted Steel,"Burns Park, Donation from Suzanne Joshel",western corner of park,,3157433.134,1685401.774
2010.1.1,2010,Dream Green,Kathy Bradford,Glass,Willis Case Golf Course,,,3127300.733,1712192.089
2010.11.1,2010,Red Forest,Constantine Dimopoulos,,Millenium Bridge: North Side,,,3139398.762,1700119.172
2010.13.1,2010,Untitled,Barnum Robert,Acrylic on Canvas,Murals in City and County Bldg. (council chambers),,,3143119.239,1694511.861
2010.15.1,2010,Reconciliation Bench,Tully Robert,Stone,Westwood Childcare Facility,,,3131140.558,1679726.869
2010.2.1,2010,1.26,Janet Echelman,Hand-knotted fibe and /Spectra Fiber,Temporary Project:  Civic Center Park to DAM,,,3143678.935,1694062.417
2010.3.1,2010,Untitled  Glass Canopy,Martin   Donlin and  Peter Kaufmann,Glass and steel,Justice Center - Post Office,,,3142311.058,1694212.092